ID_Cliente,Recencia,Frequencia,Monetario,R_Score,F_Score,M_Score,RFM_Score
1000,227,2,480.57,1,1,1,111
1001,155,3,3368.29,1,1,3,113
1002,1,7,3866.1285,4,4,4,444
1003,31,8,4703.5465,3,4,4,344
1004,20,5,898.793,4,3,2,432
1005,44,3,715.496,3,1,2,312
1006,172,4,518.898,1,2,1,121
1007,98,3,685.7669999999999,2,1,2,212
1008,59,4,1053.11,3,2,2,322
1009,65,5,5085.458,3,3,4,334
1010,23,6,3808.5449999999996,4,4,4,444
1011,151,3,3837.3615,1,1,4,114
1012,52,4,444.1575,3,2,1,321
1013,32,4,503.63800000000003,3,2,1,321
1014,44,7,1795.333,3,4,3,343
1015,140,2,117.7785,1,1,1,111
1016,138,3,621.586,1,1,2,112
1017,12,1,160.759,4,1,1,411
1018,277,1,700.191,1,1,2,112
1019,29,4,3449.687,3,2,3,323
1020,162,2,983.3385000000001,1,1,2,112
1021,14,5,4852.468,4,3,4,434
1022,60,6,2388.1105,3,4,3,343
1023,19,4,6063.6065,4,2,4,424
1024,187,2,646.262,1,1,2,112
1025,47,6,12937.1135,3,4,4,344
1026,73,5,478.694,2,3,1,231
1027,331,1,687.4200000000001,1,1,2,112
1028,195,4,1211.5529999999999,1,2,2,122
1029,113,6,3658.4065,2,4,3,243
1030,225,1,180.35000000000002,1,1,1,111
1031,176,3,1044.3600000000001,1,1,2,112
1032,10,4,4100.549,4,2,4,424
1033,85,4,1548.8415,2,2,3,223
1034,135,2,848.53,1,1,2,112
1035,54,6,3369.062,3,4,3,343
1036,327,2,106.326,1,1,1,111
1037,117,3,3743.8005000000003,2,1,3,213
1038,306,2,177.805,1,1,1,111
1039,148,4,1108.8600000000001,1,2,2,122
1040,75,2,119.035,2,1,1,211
1041,107,3,860.044,2,1,2,212
1042,148,5,1003.183,1,3,2,132
1043,54,5,6314.312000000001,3,3,4,334
1045,46,5,513.754,3,3,1,331
1046,51,5,10869.419,3,3,4,334
1047,23,3,451.25,4,1,1,411
1048,32,5,2339.57,3,3,3,333
1049,174,4,3181.8444999999997,1,2,3,123
1050,110,5,8193.27,2,3,4,234
1051,3,5,3869.352,4,3,4,434
1052,105,3,1915.5695,2,1,3,213
1053,4,6,2204.967,4,4,3,443
1054,134,4,711.6009999999999,1,2,2,122
1055,194,3,683.5899999999999,1,1,2,112
1056,103,3,950.0120000000001,2,1,2,212
1057,61,4,3902.3865,3,2,4,324
1058,44,1,295.69,3,1,1,311
1059,21,7,938.1835,4,4,2,442
1060,62,4,548.6985,3,2,1,321
1061,44,6,4201.4305,3,4,4,344
1062,8,4,1520.9850000000001,4,2,3,423
1063,26,6,5135.493,4,4,4,444
1064,125,4,3410.5,1,2,3,123
1065,165,2,200.0135,1,1,1,111
1066,140,2,152.415,1,1,1,111
1067,30,6,2444.6040000000003,3,4,3,343
1068,22,7,1638.662,4,4,3,443
1069,53,4,841.1255,3,2,2,322
1070,173,1,55.82,1,1,1,111
1071,195,4,1065.442,1,2,2,122
1072,12,1,2618.055,4,1,3,413
1073,98,6,2550.871,2,4,3,243
1074,93,1,523.82,2,1,1,211
1075,148,3,180.7,1,1,1,111
1076,77,9,18476.6305,2,4,4,244
1077,199,2,2102.0305,1,1,3,113
1078,29,1,162.63,3,1,1,311
1079,6,2,96.52600000000001,4,1,1,411
1080,11,7,3452.898,4,4,3,443
1081,142,1,118.56,1,1,1,111
1082,5,5,1215.766,4,3,2,432
1083,4,3,594.59425,4,1,2,412
1084,42,2,108.2,3,1,1,311
1085,39,2,202.16,3,1,1,311
1086,58,5,3763.9980000000005,3,3,4,334
1087,90,4,1983.9195,2,2,3,223
1088,23,5,5786.58,4,3,4,434
1089,29,3,4633.624,3,1,4,314
1090,4,4,12787.504,4,2,4,424
1091,26,4,10565.597500000002,4,2,4,424
1092,8,1,577.1925,4,1,2,412
1093,5,4,468.621,4,2,1,421
1094,358,1,739.47,1,1,2,112
1095,30,6,3460.16,3,4,3,343
1096,203,4,1447.8045,1,2,3,123
1097,79,4,608.7760000000001,2,2,2,222
1098,65,3,391.0525,3,1,1,311
1099,203,1,11523.24,1,1,4,114
1100,75,7,7338.768,2,4,4,244
1101,8,8,7481.653499999999,4,4,4,444
1102,84,3,9200.173,2,1,4,214
1103,83,4,2285.29,2,2,3,223
1104,67,3,746.034,2,1,2,212
1105,85,3,1132.89,2,1,2,212
1106,73,6,6680.597500000001,2,4,4,244
1107,93,2,363.472,2,1,1,211
1108,70,6,931.3,2,4,2,242
1109,65,1,190.01,3,1,1,311
1110,19,4,1186.992,4,2,2,422
1111,4,3,273.671,4,1,1,411
1112,68,4,861.0300000000001,2,2,2,222
1113,19,3,529.4195,4,1,1,411
1114,197,3,1600.626,1,1,3,113
1115,41,2,158.156,3,1,1,311
1116,46,3,1785.286,3,1,3,313
1117,64,8,3256.036,3,4,3,343
1118,17,3,591.1115,4,1,2,412
1119,9,7,1966.125,4,4,3,443
1120,11,2,322.85,4,1,1,411
1121,140,4,937.7985,1,2,2,122
1122,173,4,1957.6,1,2,3,123
1123,192,1,6939.332,1,1,4,114
1124,20,5,937.26,4,3,2,432
1125,23,6,3871.319,4,4,4,444
1126,54,2,118.973,3,1,1,311
1127,124,3,9740.824,2,1,4,214
1128,26,5,1415.6399999999999,4,3,3,433
1129,11,2,608.7180000000001,4,1,2,412
1130,128,3,5263.312,1,1,4,114
1131,97,6,5243.923000000001,2,4,4,244
1132,32,1,636.804,3,1,2,312
1133,120,5,1825.5439999999999,2,3,3,233
1134,12,6,1565.141,4,4,3,443
1135,34,5,6648.650000000001,3,3,4,334
1136,190,2,62.244,1,1,1,111
1137,24,4,1385.892,4,2,2,422
1138,19,3,772.6199999999999,4,1,2,412
1139,16,4,5344.74575,4,2,4,424
1140,153,3,1814.565,1,1,3,113
1141,274,1,50.04,1,1,1,111
1142,50,7,4982.46,3,4,4,344
1143,44,3,359.02299999999997,3,1,1,311
1144,55,5,8209.4875,3,3,4,334
1145,27,7,7917.5255,4,4,4,444
1146,48,2,174.96,3,1,1,311
1147,69,4,588.009,2,2,2,222
1148,233,3,616.525,1,1,2,112
1149,312,4,1785.498,1,2,3,123
1150,262,1,56.088,1,1,1,111
1151,183,1,167.1,1,1,1,111
1152,30,3,1055.1299999999999,3,1,2,312
1153,14,7,10736.7415,4,4,4,444
1154,166,3,3932.1429999999996,1,1,4,114
1155,51,6,2455.722,3,4,3,343
1156,192,2,564.851,1,1,2,112
1157,256,3,2596.513,1,1,3,113
1158,162,3,1611.4699999999998,1,2,3,123
1159,76,3,2138.5855,2,2,3,223
1160,29,2,689.8875,3,1,2,312
1161,3,6,13139.175,4,4,4,444
1162,28,1,45.175,4,1,1,411
1163,77,2,390.9675,2,1,1,211
1164,23,3,1305.753,4,2,2,422
1165,31,7,6123.2660000000005,3,4,4,344
1166,3,8,3702.1605,4,4,3,443
1167,10,5,2191.7035,4,3,3,433
1168,17,6,13787.8645,4,4,4,444
1169,8,10,4905.692,4,4,4,444
1170,34,6,2568.5389999999998,3,4,3,343
1171,26,4,1225.529,4,2,2,422
1172,16,3,391.92099999999994,4,2,1,421
1174,186,1,310.308,1,1,1,111
1175,47,6,1478.7935,3,4,3,343
1176,65,8,2839.103,3,4,3,343
1177,24,5,1481.6635,4,3,3,433
1178,16,2,7206.832,4,1,4,414
1179,14,3,456.166,4,2,1,421
1180,148,2,2784.868,1,1,3,113
1181,93,4,262.23249999999996,2,2,1,221
1182,104,4,6790.2880000000005,2,2,4,224
1183,48,3,473.15599999999995,3,2,1,321
1184,1,4,419.598,4,2,1,421
1185,6,7,497.573,4,4,1,441
1186,208,1,358.82,1,1,1,111
1187,22,7,1437.714,4,4,3,443
1188,90,1,847.8,2,1,2,212
1189,62,3,562.4,3,2,2,322
1190,7,4,8469.191,4,2,4,424
1191,13,5,934.5375000000001,4,3,2,432
1192,184,1,103.82,1,1,1,111
1193,333,1,64.69,1,1,1,111
1194,17,5,2955.1955000000003,4,3,3,433
1195,6,3,1018.769,4,2,2,422
1196,10,5,8225.967,4,3,4,434
1197,247,3,822.8515,1,2,2,122
1198,12,3,1219.5259999999998,4,2,2,422
1199,33,4,1340.075,3,2,2,322
1200,66,5,10341.358250000001,2,3,4,234
1201,75,6,22667.876,2,4,4,244
1202,8,6,7625.794,4,4,4,444
1203,281,2,6576.644,1,1,4,114
1204,46,5,9453.533,3,3,4,334
1205,7,7,8827.152,4,4,4,444
1206,63,2,1632.7725,3,1,3,313
1207,166,2,375.97249999999997,1,1,1,111
1208,62,3,1214.522,3,2,2,322
1209,28,6,3096.37,4,4,3,443
1210,7,2,1112.112,4,1,2,412
1211,117,6,2742.4535,2,4,3,243
1212,62,7,2795.6409999999996,3,4,3,343
1213,154,3,1351.951,1,2,2,122
1214,124,2,731.109,2,1,2,212
1215,25,5,5217.768999999999,4,3,4,434
1216,74,3,552.984,2,2,1,221
1217,308,2,548.47,1,1,1,111
1218,56,4,781.663,3,2,2,322
1219,38,5,670.4399999999999,3,3,2,332
1220,10,8,3742.483,4,4,3,443
1221,99,6,11695.479,2,4,4,244
1222,208,2,305.71000000000004,1,1,1,111
1223,46,6,17155.0,3,4,4,344
1224,55,6,2466.7955,3,4,3,343
1225,91,1,93.15,2,1,1,211
1226,26,5,530.6990000000001,4,3,1,431
1227,43,7,9106.433,3,4,4,344
1228,79,4,674.0889999999999,2,2,2,222
1229,27,4,1563.1235000000001,4,2,3,423
1230,87,2,234.404,2,1,1,211
1231,35,2,414.38,3,1,1,311
1232,47,5,1518.733,3,3,3,333
1233,28,5,2663.452,4,3,3,433
1234,72,5,876.5830000000001,2,3,2,232
1235,98,3,1551.34325,2,2,3,223
1236,22,3,4831.619,4,2,4,424
1237,6,2,175.68650000000002,4,1,1,411
1238,1,6,3900.9155,4,4,4,444
1239,23,8,10648.0145,4,4,4,444
1240,33,3,353.66724999999997,3,2,1,321
1241,120,4,891.4102499999999,2,2,2,222
1242,38,4,1145.05,3,2,2,322
1243,69,6,1133.51,2,4,2,242
1244,2,2,1586.8875,4,1,3,413
1245,29,6,1600.4959999999999,3,4,3,343
1246,215,4,8974.756,1,2,4,124
1247,24,9,2836.1380000000004,4,4,3,443
1248,149,3,569.3249999999999,1,2,2,122
1249,3,2,438.05,4,1,1,411
1250,15,6,6224.981,4,4,4,444
1251,82,5,1289.783,2,3,2,232
1252,5,3,583.857,4,2,2,422
1253,71,2,250.834,2,1,1,211
1254,43,3,543.4720000000001,3,2,1,321
1255,30,4,1697.091,3,2,3,323
1256,203,1,49.11,1,1,1,111
1257,115,5,1186.8715,2,3,2,232
1258,25,4,1177.43,4,2,2,422
1259,204,3,436.719,1,2,1,121
1260,23,4,327.00300000000004,4,2,1,421
1261,26,7,1448.5255,4,4,3,443
1262,70,4,690.365,2,2,2,222
1263,136,2,8776.116,1,1,4,114
1264,132,4,1442.9779999999998,1,2,3,123
1265,33,5,474.1565,3,3,1,331
1266,67,4,2237.0899999999997,2,2,3,223
1267,122,5,492.7805,2,3,1,231
1268,39,6,7001.528,3,4,4,344
1269,102,6,1215.946,2,4,2,242
1270,221,3,280.0765,1,2,1,121
1271,11,3,817.2495,4,2,2,422
1272,2,4,13588.632000000001,4,2,4,424
1273,33,6,1206.74775,3,4,2,342
1274,16,7,10821.7695,4,4,4,444
1275,172,4,1402.33,1,2,3,123
1276,76,4,15201.4705,2,2,4,224
1277,15,7,7917.092000000001,4,4,4,444
1278,6,5,3844.714,4,3,4,434
1279,157,4,709.011,1,2,2,122
1280,103,3,131.7705,2,2,1,221
1281,115,5,952.56,2,3,2,232
1282,74,3,2159.525,2,2,3,223
1283,15,9,13809.5975,4,4,4,444
1284,264,2,382.0455,1,1,1,111
1285,167,3,156.3305,1,2,1,121
1286,101,3,1094.98,2,2,2,222
1287,39,6,4080.8225,3,4,4,344
1288,28,7,5503.18225,4,4,4,444
1289,38,6,3210.743,3,4,3,343
1290,68,4,374.298,2,2,1,221
1291,14,4,896.8135,4,2,2,422
1292,68,4,2020.4144999999999,2,2,3,223
1293,148,3,1096.848,1,2,2,122
1294,19,6,1122.503,4,4,2,442
1295,37,2,252.32,3,1,1,311
1296,126,5,1800.749,1,3,3,133
1297,24,4,2307.914,4,2,3,423
1298,42,6,2345.086,3,4,3,343
1299,163,2,580.49,1,1,2,112
1300,66,4,18277.699,2,2,4,224
1301,38,4,794.4870000000001,3,2,2,322
1302,249,3,7042.899,1,2,4,124
1303,89,3,8963.353,2,2,4,224
1304,17,6,6034.433,4,4,4,444
1305,104,3,628.614,2,2,2,222
1306,6,3,902.051,4,2,2,422
1307,93,3,903.573,2,2,2,222
1308,143,5,3165.696,1,3,3,133
1309,62,8,13990.3675,3,4,4,344
1310,18,4,1000.8205,4,2,2,422
1311,105,3,307.154,2,2,1,221
1312,140,1,39.805499999999995,1,1,1,111
1313,193,3,256.2745,1,2,1,121
1314,111,8,2771.4845,2,4,3,243
1315,110,2,200.43624999999997,2,1,1,211
1316,40,7,2150.8630000000003,3,4,3,343
1318,94,2,156.01,2,1,1,211
1319,10,5,938.4245000000001,4,3,2,432
1320,62,3,413.0125,3,2,1,321
1321,114,3,330.3,2,2,1,221
1322,2,12,7869.839000000001,4,4,4,444
1323,24,7,3283.7075,4,4,3,443
1324,23,3,1855.57,4,2,3,423
1325,62,6,3930.986,3,4,4,344
1326,63,3,5056.7935,3,2,4,324
1327,343,1,107.69399999999999,1,1,1,111
1328,54,4,1327.175,3,2,2,322
1329,5,8,3059.075,4,4,3,443
1330,71,4,3301.478,2,2,3,223
1331,162,4,385.188,1,2,1,121
1332,124,4,560.491,2,2,2,222
1333,125,5,722.9035,1,3,2,132
1334,48,6,4061.201,3,4,4,344
1335,157,6,3753.911,1,4,4,144
1336,222,5,980.066,1,3,2,132
1337,18,4,9990.8945,4,2,4,424
1338,161,2,931.9599999999999,1,1,2,112
1339,25,3,3520.343,4,2,3,423
1340,28,9,8747.911,4,4,4,444
1341,3,7,4389.8820000000005,4,4,4,444
1342,16,2,12717.658,4,1,4,414
1343,48,1,3653.84,3,1,3,313
1344,38,3,1108.172,3,2,2,322
1345,50,3,341.2015,3,2,1,321
1346,52,3,338.451,3,2,1,321
1347,1,5,2844.8925,4,3,3,433
1348,45,4,2073.315,3,2,3,323
1349,53,4,1995.224,3,2,3,323
1350,146,2,152.45999999999998,1,1,1,111
1351,218,2,675.461,1,1,2,112
1352,71,6,6013.0650000000005,2,4,4,244
1353,34,8,5625.998750000001,3,4,4,344
1354,7,8,3232.283,4,4,3,443
1355,6,3,2016.6095,4,2,3,423
1356,58,6,1106.9245,3,4,2,342
1357,9,3,10692.197999999999,4,2,4,424
1358,169,2,183.825,1,1,1,111
1359,94,3,2014.985,2,2,3,223
1360,166,3,1030.9,1,2,2,122
1361,143,1,86.751,1,1,1,111
1362,11,4,1325.243,4,2,2,422
1363,37,4,1249.244,3,2,2,322
1364,83,4,545.7230000000001,2,2,1,221
1365,49,2,249.962,3,1,1,311
1366,23,3,4078.6945,4,2,4,424
1367,3,6,1388.134,4,4,2,442
1368,232,3,315.45500000000004,1,2,1,121
1369,206,5,6315.666,1,3,4,134
1370,43,3,1305.319,3,2,2,322
1371,19,2,633.28,4,1,2,412
1372,53,2,267.539,3,1,1,311
1373,6,7,5422.0085,4,4,4,444
1374,270,3,454.60699999999997,1,2,1,121
1375,200,3,5874.442,1,2,4,124
1376,245,1,329.45,1,1,1,111
1377,42,2,239.17000000000002,3,1,1,311
1378,161,5,1519.154,1,3,3,133
1379,48,6,1371.764,3,4,2,342
1380,67,4,1322.01,2,2,2,222
1381,23,4,1049.321,4,2,2,422
1382,127,5,925.6210000000001,1,3,2,132
1383,91,2,1566.656,2,1,3,213
1384,37,4,2131.684,3,2,3,323
1385,10,7,2898.477,4,4,3,443
1386,78,2,4676.002,2,1,4,214
1387,32,4,2500.758,3,2,3,323
1388,144,3,764.3167500000001,1,2,2,122
1389,74,3,265.1685,2,2,1,221
1390,96,2,406.906,2,1,1,211
1391,190,2,433.5,1,1,1,111
1392,53,3,979.197,3,2,2,322
1393,111,4,1169.05,2,2,2,222
1394,140,4,3052.9959999999996,1,2,3,123
1395,29,1,50.967,3,1,1,311
1396,56,4,2975.3305,3,2,3,323
1397,27,4,1215.679,4,2,2,422
1398,10,5,492.6055,4,3,1,431
1399,33,4,1084.03,3,2,2,322
1400,302,1,154.35000000000002,1,1,1,111
1401,17,7,5808.799,4,4,4,444
1402,41,3,584.4465,3,2,2,322
1403,47,5,11085.655,3,3,4,334
1404,144,6,1837.627,1,4,3,143
1405,254,1,5676.56,1,1,4,114
1406,61,3,745.356,3,2,2,322
1407,81,3,320.76300000000003,2,2,1,221
1408,58,4,1422.813,3,2,3,323
1409,11,4,2775.3644999999997,4,2,3,423
1410,88,4,830.4739999999999,2,2,2,222
1411,5,2,524.7775,4,1,1,411
1412,19,2,1688.6555,4,1,3,413
1413,27,7,2171.892,4,4,3,443
1414,89,3,2117.078,2,2,3,223
1415,1,2,4055.2599999999998,4,1,4,414
1416,47,5,729.0440000000001,3,3,2,332
1417,129,7,4098.3855,1,4,4,144
1418,21,4,9187.039999999999,4,2,4,424
1419,170,1,61.879999999999995,1,1,1,111
1420,43,5,8145.766,3,3,4,334
1421,11,8,12951.19,4,4,4,444
1422,76,11,2050.5365,2,4,3,243
1423,74,3,450.29,2,2,1,221
1424,57,4,286.876,3,2,1,321
1425,5,4,455.786,4,2,1,421
1426,16,6,2578.9445,4,4,3,443
1427,61,5,6384.112,3,3,4,334
1428,10,3,1430.538,4,2,3,423
1429,24,9,2991.6485000000002,4,4,3,443
1430,59,5,748.6959999999999,3,3,2,332
1431,120,4,1604.8405,2,2,3,223
1432,44,5,480.635,3,3,1,331
1433,111,8,5646.067,2,4,4,244
1434,135,2,3224.6155000000003,1,1,3,113
1435,220,2,1642.1760000000002,1,1,3,113
1436,305,2,73.42999999999999,1,1,1,111
1437,96,4,1238.77,2,2,2,222
1438,1,3,668.975,4,2,2,422
1439,61,10,1682.7965,3,4,3,343
1440,29,2,267.172,3,1,1,311
1441,38,7,4396.1335,3,4,4,344
1442,22,6,1460.4669999999999,4,4,3,443
1443,127,3,700.1225000000001,1,2,2,122
1444,328,1,51.782000000000004,1,1,1,111
1445,18,6,4283.823,4,4,4,444
1446,145,6,2560.405,1,4,3,143
1447,66,6,1360.7165,2,4,2,242
1448,10,9,8068.823,4,4,4,444
1449,140,2,3564.9015,1,1,3,113
1450,17,8,7052.90025,4,4,4,444
1451,7,7,15334.103500000001,4,4,4,444
1452,17,7,2001.314,4,4,3,443
1453,152,3,3374.009,1,2,3,123
1454,314,1,81.08,1,1,1,111
1455,258,3,730.8199999999999,1,2,2,122
1456,163,1,153.84,1,1,1,111
1457,59,4,1173.888,3,2,2,322
1458,89,3,255.765,2,2,1,221
1459,6,6,4279.6230000000005,4,4,4,444
1460,79,3,658.011,2,2,2,222
1461,8,5,1687.176,4,3,3,433
1462,102,3,7939.9295,2,2,4,224
1463,157,4,905.559,1,2,2,122
1464,354,1,122.98,1,1,1,111
1465,197,3,916.136,1,2,2,122
1466,66,7,1686.5615000000003,2,4,3,243
1467,157,2,195.29000000000002,1,1,1,111
1468,1,7,8437.752,4,4,4,444
1469,29,3,3101.37,3,2,3,323
1470,124,7,2603.2145,2,4,3,243
1471,201,1,196.67,1,1,1,111
1472,42,6,2543.7405,3,4,3,343
1473,26,4,412.791,4,2,1,421
1474,124,4,388.093,2,2,1,221
1475,43,3,240.4385,3,2,1,321
1476,332,1,92.14,1,1,1,111
1477,94,4,507.195,2,2,1,221
1478,57,3,403.806,3,2,1,321
1479,138,8,4319.621499999999,1,4,4,144
1480,166,3,20219.574,1,2,4,124
1481,12,5,997.78,4,3,2,432
1482,101,5,4279.0595,2,3,4,234
1483,25,5,915.9325,4,3,2,432
1484,104,7,2146.5725,2,4,3,243
1485,37,5,2629.687,3,3,3,333
1486,28,4,13429.222000000002,4,2,4,424
1487,32,3,587.179,3,2,2,322
1488,41,10,10677.569,3,4,4,344
1489,55,3,390.9425,3,2,1,321
1490,40,7,5015.984,3,4,4,344
1491,3,6,2283.353,4,4,3,443
1492,88,8,2684.5505,2,4,3,243
1493,50,5,2231.576,3,3,3,333
1494,30,5,5687.624,3,3,4,334
1495,76,4,377.3085,2,2,1,221
1496,136,4,1293.5625,1,2,2,122
1497,195,1,5903.43,1,1,4,114
1498,114,3,1038.05,2,2,2,222
1499,82,6,6485.07,2,4,4,244
1500,53,4,2184.846,3,2,3,323
1501,71,4,1895.685,2,2,3,223
1502,22,7,836.1,4,4,2,442
1503,21,6,12770.644,4,4,4,444
1504,87,4,1228.498,2,2,2,222
1505,63,6,1227.6585,3,4,2,342
1506,66,3,582.95,2,2,2,222
1507,20,3,2797.86525,4,2,3,423
1508,57,6,8607.479,3,4,4,344
1509,54,4,7594.3995,3,2,4,324
1510,212,1,182.214,1,1,1,111
1511,28,11,6850.595,4,4,4,444
1512,82,1,385.59000000000003,2,1,1,211
1513,49,3,351.036,3,2,1,321
1514,49,2,442.58,3,1,1,311
1515,85,3,375.991,2,2,1,221
1516,83,4,813.1645000000001,2,3,2,232
1517,92,3,1264.6515,2,2,2,222
1518,43,3,4631.1895,3,2,4,324
1519,134,5,316.595,1,3,1,131
1520,64,8,3999.7125,3,4,4,344
1521,122,5,4332.3705,2,3,4,234
1522,45,10,12508.724,3,4,4,344
1523,7,4,1059.379,4,3,2,432
1524,32,5,1217.108,3,3,2,332
1525,183,3,510.88300000000004,1,2,1,121
1526,13,6,1035.57575,4,4,2,442
1527,172,4,5226.56,1,3,4,134
1528,101,6,2834.8325,2,4,3,243
1529,308,1,53.154,1,1,1,111
1530,114,2,391.53999999999996,2,1,1,211
1531,146,6,3676.713,1,4,3,143
1532,72,6,996.754,2,4,2,242
1533,1,8,1148.777,4,4,2,442
1534,102,4,4704.655000000001,2,3,4,234
1535,12,4,3256.9015,4,3,3,433
1536,99,5,12164.552,2,3,4,234
1537,213,3,7596.353000000001,1,2,4,124
1538,162,1,473.96,1,1,1,111
1539,109,6,2753.984,2,4,3,243
1540,222,3,350.216,1,2,1,121
1541,21,5,423.17,4,3,1,431
1542,245,3,586.2180000000001,1,2,2,122
1543,88,5,2621.9445,2,3,3,233
1544,100,4,951.044,2,3,2,232
1545,124,3,1621.8094999999998,2,2,3,223
1546,10,7,1612.328,4,4,3,443
1547,33,3,4218.1895,3,2,4,324
1548,97,8,4694.4385,2,4,4,244
1549,104,2,3763.4970000000003,2,1,4,214
1550,155,3,3339.4915,1,2,3,123
1551,35,4,5472.38,3,3,4,334
1552,63,4,1700.265,3,3,3,333
1553,34,4,2413.05,3,3,3,333
1554,86,2,3628.6495,2,1,3,213
1555,93,2,3686.5,2,1,3,213
1556,239,4,642.8199999999999,1,3,2,132
1557,70,6,4061.121,2,4,4,244
1558,110,4,650.8340000000001,2,3,2,232
1559,24,4,3276.253,4,3,3,433
1560,9,7,8786.3555,4,4,4,444
1561,251,3,559.35875,1,2,1,121
1562,49,5,740.226,3,3,2,332
1563,244,1,358.62,1,1,1,111
1564,55,4,4172.978999999999,3,3,4,334
1565,75,6,4768.451,2,4,4,244
1566,28,6,11276.362000000001,4,4,4,444
1567,120,3,2082.0515,2,2,3,223
1568,71,5,1407.97225,2,3,3,233
1569,13,4,7440.57,4,3,4,434
1570,1,8,3996.4575000000004,4,4,4,444
1571,83,3,572.4745,2,2,2,222
1572,306,1,60.83,1,1,1,111
1573,204,3,847.169,1,2,2,122
1574,12,6,8260.428,4,4,4,444
1575,102,4,437.545,2,3,1,231
1576,17,4,23151.690000000002,4,3,4,434
1577,8,5,1559.3112500000002,4,3,3,433
1578,113,2,759.5565,2,1,2,212
1579,94,4,618.58,2,3,2,232
1580,15,6,6657.452,4,4,4,444
1581,168,4,275.1275,1,3,1,131
1582,49,4,298.214,3,3,1,331
1584,50,7,2550.5315,3,4,3,343
1585,109,3,654.0542499999999,2,2,2,222
1586,39,3,1091.752,3,2,2,322
1587,17,2,2929.67,4,1,3,413
1588,231,2,1145.6799999999998,1,1,2,112
1589,68,5,9678.4945,2,3,4,234
1590,105,3,1464.612,2,2,3,223
1591,80,3,276.796,2,2,1,221
1592,30,7,1244.919,3,4,2,342
1593,103,4,17747.128,2,3,4,234
1594,95,5,1321.926,2,3,2,232
1595,112,5,719.771,2,3,2,232
1596,76,3,1957.597,2,2,3,223
1597,6,5,13431.864000000001,4,3,4,434
1598,11,5,1076.4569999999999,4,3,2,432
1599,60,4,1923.471,3,3,3,333
1600,138,1,128.42,1,1,1,111
1601,54,3,1310.6680000000001,3,2,2,322
1602,1,4,1096.4009999999998,4,3,2,432
1603,102,2,3620.876,2,1,3,213
1604,32,6,1667.353,3,4,3,343
1605,76,3,122.292,2,2,1,221
1606,41,2,260.817,3,1,1,311
1607,78,3,4961.661,2,2,4,224
1608,122,2,1089.104,2,1,2,212
1609,45,3,6803.928,3,2,4,324
1610,85,2,1132.42,2,1,2,212
1611,44,7,6944.768,3,4,4,344
1612,31,4,1716.599,3,3,3,333
1613,267,1,286.88,1,1,1,111
1614,23,9,3076.1575000000003,4,4,3,443
1615,10,7,4314.221,4,4,4,444
1616,8,8,6173.5422499999995,4,4,4,444
1617,199,1,589.0,1,1,2,112
1618,41,4,822.364,3,3,2,332
1619,80,2,3168.24,2,1,3,213
1620,68,4,1138.8999999999999,2,3,2,232
1621,58,5,569.613,3,3,2,332
1622,44,5,1403.4920000000002,3,3,3,333
1623,4,4,1942.4940000000001,4,3,3,433
1624,2,7,7405.7825,4,4,4,444
1625,80,5,4509.209999999999,2,3,4,234
1626,9,1,3788.61,4,1,4,414
1627,350,1,39.8,1,1,1,111
1628,90,6,2782.8115000000003,2,4,3,243
1629,49,5,4330.0615,3,3,4,334
1630,134,2,3588.155,1,1,3,113
1631,47,6,2842.0505000000003,3,4,3,343
1632,74,3,5892.987,2,2,4,224
1633,112,7,1032.6905,2,4,2,242
1634,46,3,418.342,3,2,1,321
1635,73,8,2253.5365,2,4,3,243
1636,123,4,3099.9539999999997,2,3,3,233
1637,4,5,4078.86,4,3,4,434
1638,31,6,5038.428000000001,3,4,4,344
1639,114,6,827.6010000000001,2,4,2,242
1640,52,4,673.32,3,3,2,332
1641,8,8,5919.762,4,4,4,444
1642,189,4,1683.323,1,3,3,133
1643,74,2,225.77750000000003,2,1,1,211
1644,120,5,5293.195000000001,2,3,4,234
1645,64,2,4058.3269999999998,3,1,4,314
1646,116,5,8720.338,2,3,4,234
1647,205,4,2613.7985,1,3,3,133
1648,117,4,1395.776,2,3,2,232
1649,19,5,2367.9990000000003,4,3,3,433
1650,132,2,315.59700000000004,1,1,1,111
1651,79,5,638.816,2,3,2,232
1652,19,3,450.975,4,2,1,421
1653,7,8,1719.5235,4,4,3,443
1654,13,6,8917.3275,4,4,4,444
1655,156,2,699.584,1,1,2,112
1656,94,5,1691.2749999999999,2,3,3,233
1657,149,3,401.86199999999997,1,2,1,121
1658,126,5,2004.46,1,3,3,133
1659,98,5,1224.55,2,3,2,232
1660,11,6,949.5695,4,4,2,442
1661,26,7,2281.597,4,4,3,443
1662,17,4,9705.2255,4,3,4,434
1663,30,2,236.765,3,1,1,311
1664,80,5,5632.867,2,3,4,234
1665,359,2,4152.95,1,1,4,114
1666,25,5,7726.688999999999,4,3,4,434
1667,44,4,481.776,3,3,1,331
1668,126,3,606.2539999999999,1,2,2,122
1669,20,5,1900.5,4,3,3,433
1670,13,4,1989.142,4,3,3,433
1671,50,6,4836.9,3,4,4,344
1672,70,4,2141.35,2,3,3,233
1673,151,3,1371.162,1,2,2,122
1674,9,4,1144.7350000000001,4,3,2,432
1675,9,6,1961.8865,4,4,3,443
1676,117,4,665.1370000000001,2,3,2,232
1677,38,8,1448.1285,3,4,3,343
1678,3,10,15031.0955,4,4,4,444
1679,2,2,250.063,4,1,1,411
1680,44,3,7017.079000000001,3,2,4,324
1681,12,3,891.2679999999999,4,2,2,422
1682,143,2,1806.36,1,1,3,113
1683,15,5,7126.757,4,3,4,434
1684,35,5,17617.388,3,3,4,334
1685,85,6,2206.83,2,4,3,243
1686,44,4,2483.1980000000003,3,3,3,333
1687,33,3,776.4032500000001,3,2,2,322
1688,64,9,7200.614500000001,3,4,4,344
1689,37,3,5978.394,3,2,4,324
1690,22,3,1131.9925,4,2,2,422
1691,125,6,2273.891,1,4,3,143
1692,25,5,3857.1075,4,3,4,434
1693,356,1,44.8375,1,1,1,111
1694,20,2,11418.94,4,1,4,414
1695,25,2,245.02200000000002,4,1,1,411
1696,70,5,2189.6980000000003,2,3,3,233
1697,180,4,569.241,1,3,2,132
1698,27,3,534.6379999999999,4,2,1,421
1699,88,5,1949.2359999999999,2,3,3,233
1700,94,4,806.12,2,3,2,232
1701,158,4,657.4780000000001,1,3,2,132
1702,217,5,1687.1155,1,3,3,133
1703,65,2,87.28999999999999,3,1,1,311
1704,143,3,1798.685,1,2,3,123
1705,56,6,1061.453,3,4,2,342
1706,34,4,961.409,3,3,2,332
1707,45,6,1674.167,3,4,3,343
1708,236,4,5129.03,1,3,4,134
1709,59,5,2167.297,3,3,3,333
1710,20,2,3955.84,4,1,4,414
1711,332,1,32.22,1,1,1,111
1712,51,4,1099.5659999999998,3,3,2,332
1713,128,6,3335.942,1,4,3,143
1714,93,4,3827.86,2,3,4,234
1716,47,5,602.283,3,3,2,332
1717,277,1,261.9955,1,1,1,111
1718,50,5,7069.137,3,3,4,334
1719,28,5,3386.219,4,3,3,433
1720,71,3,1382.6555,2,2,2,222
1721,187,2,2104.6065,1,1,3,113
1722,49,5,3769.7405,3,3,4,334
1723,29,4,1014.527,3,3,2,332
1724,38,5,857.916,3,3,2,332
1725,37,5,1234.576,3,3,2,332
1726,66,2,554.0880000000001,2,1,1,211
1727,9,3,687.25,4,2,2,422
1728,30,2,630.22,3,1,2,312
1729,53,1,221.56,3,1,1,311
1730,261,3,490.174,1,2,1,121
1731,8,5,1076.04,4,3,2,432
1732,1,5,3799.679,4,3,4,434
1733,46,4,4909.302000000001,3,3,4,334
1734,58,3,589.662,3,2,2,322
1735,61,4,3422.0115,3,3,3,333
1736,130,2,410.35949999999997,1,1,1,111
1737,16,5,2242.969,4,3,3,433
1738,60,2,1626.192,3,1,3,313
1739,25,6,937.9110000000001,4,4,2,442
1740,37,5,1311.3775,3,3,2,332
1741,36,9,3639.7760000000003,3,4,3,343
1742,199,3,5119.844499999999,1,2,4,124
1743,45,3,955.9365,3,2,2,322
1744,123,5,1633.3865,2,3,3,233
1745,52,6,867.9945,3,4,2,342
1746,53,2,1312.4099999999999,3,1,2,312
1747,163,3,576.9105,1,2,2,122
1748,79,5,2929.192,2,3,3,233
1749,106,3,453.39700000000005,2,2,1,221
1750,218,3,665.0024999999999,1,2,2,122
1751,27,2,3571.5,4,1,3,413
1752,88,3,2308.66,2,2,3,223
1753,90,5,10547.3345,2,3,4,234
1754,32,3,743.72,3,2,2,322
1755,17,4,5802.157999999999,4,3,4,434
1756,28,2,4698.21,4,1,4,414
1757,44,4,5053.035,3,3,4,334
1758,221,1,667.471,1,1,2,112
1759,47,5,748.089,3,3,2,332
1760,15,4,5837.577499999999,4,3,4,434
1761,219,4,535.3800000000001,1,3,1,131
1762,125,5,1011.6405,1,3,2,132
1763,33,3,690.97,3,2,2,322
1764,56,3,575.228,3,2,2,322
1765,37,3,312.1645,3,2,1,321
1766,102,5,2493.35,2,3,3,233
1767,11,9,13390.65025,4,4,4,444
1768,18,6,2464.6375,4,4,3,443
1769,48,5,834.97,3,3,2,332
1770,74,2,292.82899999999995,2,1,1,211
1771,103,2,301.85699999999997,2,1,1,211
1772,64,6,796.749,3,4,2,342
1773,7,6,1034.4724999999999,4,4,2,442
1774,39,2,7790.58,3,1,4,314
1775,31,3,1136.566,3,2,2,322
1776,24,4,2383.3450000000003,4,3,3,433
1777,42,3,9949.3875,3,2,4,324
1778,174,5,1697.12875,1,3,3,133
1781,13,8,9556.730500000001,4,4,4,444
1782,32,3,529.657,3,2,1,321
1783,21,5,2743.794,4,3,3,433
1784,94,5,490.72249999999997,2,3,1,231
1785,69,4,334.59749999999997,2,3,1,231
1786,10,7,2870.2464999999997,4,4,3,443
1787,116,3,953.571,2,2,2,222
1788,2,9,12869.9205,4,4,4,444
1789,38,4,695.148,3,3,2,332
1790,83,2,440.7,2,1,1,211
1791,12,5,1128.3490000000002,4,3,2,432
1792,81,4,18286.982500000002,2,3,4,234
1793,92,6,6278.085499999999,2,4,4,244
1794,144,4,3950.2570000000005,1,3,4,134
1795,29,9,8373.87425,3,4,4,344
1796,51,7,1113.2645,3,4,2,342
1797,115,4,739.13,2,3,2,232
1798,85,2,348.7555,2,1,1,211
1799,87,4,492.87199999999996,2,3,1,231
1800,69,5,12316.725,2,3,4,234
1801,22,2,601.028,4,1,2,412
1802,219,1,10.13,1,1,1,111
1803,165,2,3874.66,1,1,4,114
1804,87,6,2027.5495,2,4,3,243
1805,119,3,1628.6219999999998,2,2,3,223
1806,246,1,146.25,1,1,1,111
1807,77,3,303.826,2,2,1,221
1808,57,5,4175.121,3,3,4,334
1809,38,6,16949.714,3,4,4,344
1810,71,2,230.67,2,1,1,211
1811,14,6,2322.98,4,4,3,443
1812,157,1,3830.98,1,1,4,114
1813,32,4,4684.2645,3,3,4,334
1814,93,2,178.58999999999997,2,1,1,211
1815,59,3,356.8935,3,2,1,321
1816,119,3,4054.1555,2,2,4,224
1818,208,3,714.4345000000001,1,2,2,122
1819,18,4,480.343,4,3,1,431
1820,26,7,2097.3555,4,4,3,443
1821,76,4,988.882,2,3,2,232
1822,272,1,3123.62,1,1,3,113
1823,27,4,1511.5355,4,3,3,433
1824,38,5,3758.1850000000004,3,3,4,334
1825,192,3,336.002,1,2,1,121
1826,160,1,512.52,1,1,1,111
1827,56,4,328.81999999999994,3,3,1,331
1828,32,8,4389.5295,3,4,4,344
1829,51,2,279.496,3,1,1,311
1830,35,6,4214.877,3,4,4,344
1831,35,4,6261.995,3,3,4,334
1832,86,2,344.04600000000005,2,1,1,211
1833,8,4,5150.774,4,3,4,434
1834,255,2,4073.6065,1,1,4,114
1835,205,1,199.52,1,1,1,111
1836,36,5,4361.97,3,3,4,334
1837,60,1,119.14,3,1,1,311
1838,62,2,1094.94,3,1,2,312
1839,4,4,7646.932,4,3,4,434
1840,81,3,815.12,2,2,2,222
1841,77,3,963.505,2,2,2,222
1842,82,3,579.5885000000001,2,2,2,222
1843,12,5,796.817,4,3,2,432
1844,42,4,407.03,3,3,1,331
1846,326,1,198.4,1,1,1,111
1847,45,3,372.9025,3,2,1,321
1848,52,3,2069.57,3,2,3,323
1849,18,3,2715.625,4,2,3,423
1850,196,1,62.23500000000001,1,1,1,111
1851,144,2,3166.1504999999997,1,1,3,113
1852,82,4,2554.735,2,3,3,233
1853,27,4,667.0535,4,3,2,432
1854,34,9,10567.591,3,4,4,344
1855,23,6,844.515,4,4,2,442
1856,4,8,14397.443000000001,4,4,4,444
1857,81,6,5119.13,2,4,4,244
1858,69,4,800.758,2,3,2,232
1859,13,6,8273.658,4,4,4,444
1860,172,3,462.91499999999996,1,2,1,121
1861,186,2,428.621,1,1,1,111
1862,142,3,448.39,1,2,1,121
1863,61,3,503.7975,3,2,1,321
1864,218,2,254.37,1,1,1,111
1865,24,6,2211.283,4,4,3,443
1866,137,5,2399.2960000000003,1,3,3,133
1867,4,4,2745.0150000000003,4,3,3,433
1868,4,7,7039.7545,4,4,4,444
1869,97,5,4441.470499999999,2,3,4,234
1870,66,6,2100.6885,2,4,3,243
1871,8,6,926.51,4,4,2,442
1872,181,2,258.302,1,1,1,111
1873,33,2,1337.6325,3,1,2,312
1874,61,2,520.708,3,1,1,311
1875,118,6,776.2645,2,4,2,242
1876,135,1,185.39999999999998,1,1,1,111
1877,57,3,838.908,3,2,2,322
1878,252,2,534.8199999999999,1,1,1,111
1879,48,6,1095.189,3,4,2,342
1880,62,4,4186.966,3,3,4,334
1881,26,3,418.164,4,2,1,421
1882,42,5,1558.847,3,3,3,333
1883,66,4,557.8470000000001,2,3,1,231
1884,93,3,1012.212,2,2,2,222
1885,131,4,5546.635,1,3,4,134
1886,62,3,9850.983,3,2,4,324
1887,147,3,233.59,1,2,1,121
1888,200,4,845.482,1,3,2,132
1889,36,7,2015.906,3,4,3,343
1890,15,4,1989.13,4,3,3,433
1891,32,2,166.01,3,1,1,311
1892,177,7,1725.1180000000002,1,4,3,143
1893,17,5,1023.6175,4,3,2,432
1894,128,4,1479.074,1,3,3,133
1895,189,2,245.87,1,1,1,111
1896,69,6,5317.615,2,4,4,244
1897,38,2,306.017,3,1,1,311
1898,112,3,1036.87,2,2,2,222
1899,161,2,140.408,1,1,1,111
1901,44,4,10764.707999999999,3,3,4,334
1902,142,3,1513.638,1,2,3,123
1903,9,5,3164.7915,4,3,3,433
1904,73,3,538.595,2,2,1,221
1905,3,6,1204.5945000000002,4,4,2,442
1906,112,3,3718.9225,2,2,3,223
1907,174,3,1780.805,1,2,3,123
1908,63,3,352.057,3,2,1,321
1909,94,6,2176.835,2,4,3,243
1910,6,4,1573.444,4,3,3,433
1912,24,4,19998.465500000002,4,3,4,434
1913,1,4,8109.634,4,3,4,434
1914,118,7,4889.384,2,4,4,244
1915,316,1,269.27,1,1,1,111
1916,63,5,4037.3915,3,3,4,334
1917,73,3,987.9449999999999,2,2,2,222
1918,101,3,696.3425,2,2,2,222
1919,23,3,438.50350000000003,4,2,1,421
1920,9,6,3830.631,4,4,4,444
1921,10,7,1524.443,4,4,3,443
1922,83,3,1739.4725,2,2,3,223
1923,7,6,12322.08,4,4,4,444
1924,74,3,500.569,2,2,1,221
1925,96,2,521.28,2,1,1,211
1926,101,5,2773.0745,2,3,3,233
1927,79,3,8494.0275,2,2,4,224
1928,24,5,14793.628,4,3,4,434
1929,182,5,693.1179999999999,1,3,2,132
1930,119,3,477.131,2,2,1,221
1931,21,6,5638.5765,4,4,4,444
1932,53,3,1114.7,3,2,2,322
1933,10,4,531.524,4,3,1,431
1934,73,4,1846.3375,2,3,3,233
1935,68,5,5198.9105,2,3,4,234
1936,154,3,977.292,1,2,2,122
1937,40,3,588.204,3,2,2,322
1938,54,4,13714.091,3,3,4,334
1939,7,4,724.61,4,3,2,432
1940,10,4,1036.7045,4,3,2,432
1941,43,2,1115.03,3,1,2,312
1942,8,12,1716.11625,4,4,3,443
1943,97,9,11200.35,2,4,4,244
1944,183,4,758.957,1,3,2,132
1945,66,4,8055.894,2,3,4,234
1946,365,1,180.35000000000002,1,1,1,111
1947,97,4,2307.8830000000003,2,3,3,233
1948,86,6,1152.7845,2,4,2,242
1949,74,6,2094.443,2,4,3,243
1950,144,2,221.899,1,1,1,111
1951,14,4,659.967,4,3,2,432
1952,20,5,2480.5445,4,3,3,433
1953,257,1,209.049,1,1,1,111
1954,118,2,155.608,2,1,1,211
1955,36,2,657.656,3,1,2,312
1956,246,2,426.236,1,1,1,111
1957,331,1,50.894999999999996,1,1,1,111
1958,45,5,4640.2315,3,3,4,334
1959,113,3,3312.009,2,2,3,223
1960,52,7,2762.94,3,4,3,343
1961,16,3,415.853,4,2,1,421
1962,6,5,820.4625,4,3,2,432
1963,61,6,5006.35,3,4,4,344
1964,90,4,244.6,2,3,1,231
1965,59,2,436.49399999999997,3,1,1,311
1966,4,4,166.85999999999999,4,3,1,431
1967,237,1,48.31,1,1,1,111
1968,166,1,492.98,1,1,1,111
1969,27,9,5392.6630000000005,4,4,4,444
1970,96,8,4543.185,2,4,4,244
1971,106,5,2911.77,2,3,3,233
1972,38,4,447.66,3,3,1,331
1973,131,5,2243.496,1,3,3,133
1974,344,1,61.9,1,1,1,111
1975,222,4,1040.2245,1,3,2,132
1976,38,5,1408.022,3,3,3,333
1977,71,3,11226.481,2,2,4,224
1978,65,4,1112.624,3,3,2,332
1979,2,6,3623.63,4,4,3,443
1980,40,4,852.5889999999999,3,3,2,332
1981,53,6,1741.904,3,4,3,343
1982,326,2,164.80500000000004,1,1,1,111
1983,79,5,582.329,2,3,2,232
1984,123,2,1222.216,2,1,2,212
1985,57,4,480.72,3,3,1,331
1986,142,7,2075.6615,1,4,3,143
1987,157,4,740.73,1,3,2,132
1988,1,5,2001.1750000000002,4,3,3,433
1989,70,4,398.438,2,3,1,231
1990,91,3,376.7215,2,2,1,221
1991,194,3,675.0799999999999,1,2,2,122
1992,47,4,1473.442,3,3,3,333
1993,78,5,2279.8705,2,3,3,233
1994,26,3,5624.0,4,2,4,424
1995,103,1,11452.706,2,1,4,214
1996,41,5,3123.6890000000003,3,3,3,333
1997,140,4,1742.588,1,3,3,133
1998,35,7,4682.646,3,4,4,344
1999,10,6,7784.741,4,4,4,444
2000,57,4,593.2175,3,3,2,332
2001,52,9,6211.91075,3,4,4,344
2002,80,5,2624.0215,2,3,3,233
2003,29,7,4536.68,3,4,4,344
2004,8,6,9879.431999999999,4,4,4,444
2005,45,5,1264.1425,3,3,2,332
2006,60,7,12961.729,3,4,4,344
2007,154,3,784.7594999999999,1,2,2,122
2008,22,4,10688.5325,4,3,4,434
2009,147,6,4660.2055,1,4,4,144
2010,103,3,886.89,2,2,2,222
2011,107,3,1241.3,2,2,2,222
2012,190,5,594.7774999999999,1,3,2,132
2013,54,5,1415.8835000000001,3,3,3,333
2014,70,4,1790.5819999999999,2,3,3,233
2015,111,3,883.3465000000001,2,2,2,222
2016,51,5,2097.77,3,3,3,333
2017,68,4,1727.194,2,3,3,233
2018,41,7,5464.2945,3,4,4,344
2019,53,3,1144.4070000000002,3,2,2,322
2020,74,5,2460.443,2,3,3,233
2021,102,4,1566.0700000000002,2,3,3,233
2022,101,3,559.6800000000001,2,2,1,221
2023,15,5,804.656,4,3,2,432
2024,27,7,1291.9285,4,4,2,442
2025,150,1,163.74,1,1,1,111
2026,40,4,1537.8145,3,3,3,333
2027,144,3,6658.836000000001,1,2,4,124
2028,27,8,3136.547,4,4,3,443
2029,37,4,4397.555,3,3,4,334
2030,16,5,5427.043,4,3,4,434
2031,226,4,1174.7730000000001,1,3,2,132
2032,244,2,6849.572,1,1,4,114
2033,192,2,593.0799999999999,1,1,2,112
2034,32,4,1668.5805,3,3,3,333
2035,69,7,7675.078,2,4,4,244
2036,139,4,946.9429999999999,1,3,2,132
2037,12,5,3326.5365,4,3,3,433
2038,324,1,560.98,1,1,2,112
2039,25,5,2888.8305,4,3,3,433
2040,101,3,5610.0225,2,2,4,224
2041,234,3,844.7840000000001,1,2,2,122
2042,100,2,392.65999999999997,2,1,1,211
2043,9,6,639.4010000000001,4,4,2,442
2044,362,1,129.384,1,1,1,111
2045,162,2,3645.3900000000003,1,1,3,113
2046,17,6,2472.2169999999996,4,4,3,443
2047,62,7,4527.3195,3,4,4,344
2048,85,3,430.14000000000004,2,2,1,221
2049,60,5,909.336,3,3,2,332
2050,103,2,292.38,2,1,1,211
2051,8,3,654.7345,4,2,2,422
2052,58,1,121.26,3,1,1,311
2053,127,2,298.97,1,1,1,111
2054,81,4,1917.76,2,3,3,233
2055,263,1,269.31399999999996,1,1,1,111
2056,124,1,691.81,2,1,2,212
2057,67,3,15082.993999999999,2,2,4,224
2058,75,4,1449.0600000000002,2,3,3,233
2059,54,6,3179.918,3,4,3,343
2060,112,3,316.8075,2,2,1,221
2061,31,6,4862.45925,3,4,4,344
2062,241,1,1788.62,1,1,3,113
2063,261,3,6926.25,1,2,4,124
2064,100,4,2062.414,2,3,3,233
2065,20,6,5001.085,4,4,4,444
2066,86,2,107.828,2,1,1,211
2067,19,6,4842.3189999999995,4,4,4,444
2068,181,2,158.58800000000002,1,1,1,111
2069,83,2,161.563,2,1,1,211
2070,11,4,623.083,4,3,2,432
2071,63,8,825.144,3,4,2,342
2072,109,4,956.745,2,3,2,232
2073,112,5,8054.7445,2,3,4,234
2075,27,2,203.40699999999998,4,1,1,411
2076,12,9,5704.2645,4,4,4,444
2077,83,4,758.8779999999999,2,3,2,232
2078,103,3,1043.6999999999998,2,2,2,222
2079,132,4,428.009,1,3,1,131
2080,299,2,496.02,1,1,1,111
2081,30,3,527.044,3,2,1,321
2082,177,2,432.7605,1,1,1,111
2083,169,1,355.068,1,1,1,111
2084,145,2,1886.8665,1,1,3,113
2085,310,1,359.32,1,1,1,111
2086,138,5,354.096,1,3,1,131
2087,31,2,151.44549999999998,3,1,1,311
2088,86,3,463.43,2,2,1,221
2089,12,2,1431.72,4,1,3,413
2090,33,4,1305.32,3,3,2,332
2091,15,2,304.2,4,1,1,411
2092,32,4,1186.455,3,3,2,332
2093,114,5,11130.84,2,3,4,234
2095,68,5,2513.6485,2,3,3,233
2096,124,2,545.65,2,1,1,211
2097,203,4,1036.344,1,3,2,132
2098,12,10,18536.012,4,4,4,444
2099,66,3,12259.925,2,2,4,224
2100,9,5,1904.4645000000003,4,3,3,433
2101,102,6,5115.8414999999995,2,4,4,244
2102,59,8,1950.8825000000002,3,4,3,343
2103,93,1,8.134500000000001,2,1,1,211
2104,82,2,394.686,2,1,1,211
2105,54,2,213.54,3,1,1,311
2106,70,6,5477.4125,2,4,4,244
2107,132,4,473.93,1,3,1,131
2108,23,4,2817.64,4,3,3,433
2109,109,2,491.24150000000003,2,1,1,211
2110,107,6,7836.0275,2,4,4,244
2111,59,3,1694.3345,3,2,3,323
2112,257,2,13253.664,1,1,4,114
2113,35,2,841.275,3,1,2,312
2114,9,4,3875.6589999999997,4,3,4,434
2115,93,6,3973.0209999999997,2,4,4,244
2116,15,2,2027.9789999999998,4,1,3,413
2117,33,5,2423.0,3,3,3,333
2118,27,3,11438.116,4,2,4,424
2119,65,3,535.523,3,2,1,321
2120,4,2,4327.543,4,1,4,414
2121,49,6,2875.346,3,4,3,343
2122,100,2,180.714,2,1,1,211
2123,73,3,2046.833,2,2,3,223
2124,55,6,2794.513,3,4,3,343
2125,131,3,662.6379999999999,1,2,2,122
2126,217,1,124.52400000000002,1,1,1,111
2127,77,3,1120.28,2,2,2,222
2128,94,3,924.54,2,2,2,222
2129,149,3,9746.954,1,2,4,124
2130,53,4,944.2625,3,3,2,332
2131,179,5,3831.6720000000005,1,3,4,134
2132,1,5,1668.1570000000002,4,3,3,433
2133,43,5,564.254,3,3,2,332
2134,240,1,189.71,1,1,1,111
2135,54,4,3218.552,3,3,3,333
2136,324,1,32.427,1,1,1,111
2137,87,5,2081.6279999999997,2,3,3,233
2138,258,3,1773.42,1,2,3,123
2139,96,2,303.86249999999995,2,1,1,211
2140,1,6,1295.394,4,4,2,442
2141,28,4,622.5195,4,3,2,432
2142,38,5,16467.34,3,3,4,334
2143,22,6,2603.3237500000005,4,4,3,443
2144,152,5,2781.0514999999996,1,3,3,133
2145,44,5,4741.13,3,3,4,334
2147,11,2,417.564,4,1,1,411
2148,42,3,3565.846,3,2,3,323
2149,111,3,8436.243,2,2,4,224
2150,9,4,693.47,4,3,2,432
2152,24,4,442.563,4,3,1,431
2153,24,3,1388.918,4,2,2,422
2154,85,4,2225.07,2,3,3,233
2155,275,1,477.318,1,1,1,111
2156,340,1,147.1645,1,1,1,111
2157,35,1,2723.346,3,1,3,313
2158,55,3,905.428,3,2,2,322
2159,6,5,1334.166,4,3,2,432
2160,85,5,1091.9515,2,3,2,232
2161,36,2,754.2895000000001,3,1,2,312
2162,137,8,16756.7785,1,4,4,144
2163,160,2,537.6469999999999,1,1,1,111
2164,9,2,110.14,4,1,1,411
2165,53,4,9452.752,3,3,4,334
2166,60,5,3918.1629999999996,3,3,4,334
2167,72,6,1393.241,2,4,2,242
2168,16,5,1989.9409999999998,4,3,3,433
2169,91,7,6899.385,2,4,4,244
2170,39,7,4548.0689999999995,3,4,4,344
2171,13,4,568.6175,4,3,2,432
2172,182,5,1775.58,1,3,3,133
2173,112,2,1733.4950000000001,2,1,3,213
2174,9,5,1927.5910000000003,4,3,3,433
2175,12,5,3733.196,4,3,3,433
2176,278,2,170.86900000000003,1,1,1,111
2177,136,5,5609.1230000000005,1,3,4,134
2178,14,4,2139.3925,4,3,3,433
2179,41,6,9277.2585,3,4,4,344
2180,17,7,1505.6235,4,4,3,443
2181,259,3,11858.5625,1,2,4,124
2182,88,4,658.891,2,3,2,232
2183,44,2,357.48024999999996,3,1,1,311
2184,13,7,3607.6279999999997,4,4,3,443
2185,132,4,875.935,1,3,2,132
2186,30,5,2347.841,3,3,3,333
2187,2,4,1633.569,4,3,3,433
2188,53,6,3801.8450000000003,3,4,4,344
2189,171,2,330.144,1,1,1,111
2190,25,2,16945.2405,4,1,4,414
2191,152,5,4144.194,1,3,4,134
2192,57,3,470.351,3,2,1,321
2193,176,3,14018.47,1,2,4,124
2194,69,4,768.8225,2,3,2,232
2195,173,2,350.623,1,1,1,111
2196,67,7,2021.841,2,4,3,243
2197,96,4,2230.2725,2,3,3,233
2198,105,4,3706.29,2,3,3,233
2199,313,2,1689.146,1,1,3,113
2200,144,7,4417.8857499999995,1,4,4,144
2201,165,3,483.717,1,2,1,121
2202,186,1,526.28,1,1,1,111
2203,178,3,1840.17,1,2,3,123
2204,221,2,999.5200000000001,1,1,2,112
2205,69,5,4532.229,2,4,4,244
2206,32,3,3235.3375,3,2,3,323
2207,102,4,347.34950000000003,2,3,1,231
2208,99,3,2994.0,2,2,3,223
2209,135,2,2344.844,1,1,3,113
2210,3,4,1664.7989999999998,4,3,3,433
2211,115,4,1557.668,2,3,3,233
2212,180,1,240.03000000000003,1,1,1,111
2213,13,6,4523.4115,4,4,4,444
2214,99,3,3854.6890000000003,2,2,4,224
2215,5,5,963.09,4,4,2,442
2216,257,2,228.036,1,1,1,111
2217,119,4,366.698,2,3,1,231
2218,31,4,2925.6090000000004,3,3,3,333
2219,17,8,2004.2737499999998,4,4,3,443
2220,7,5,3022.0805,4,4,3,443
2221,52,3,428.31300000000005,3,2,1,321
2222,105,3,20990.02,2,2,4,224
2223,42,3,15226.66,3,2,4,324
2224,32,4,1263.863,3,3,2,332
2225,191,2,121.35,1,1,1,111
2226,126,8,2583.5175,1,4,3,143
2227,28,6,1040.843,4,4,2,442
2228,37,6,8335.9035,3,4,4,344
2229,52,4,437.325,3,3,1,331
2230,37,7,1469.474,3,4,3,343
2231,51,5,815.9685,3,4,2,342
2232,120,5,14250.078000000001,2,4,4,244
2233,54,3,6545.549000000001,3,2,4,324
2234,17,6,719.817,4,4,2,442
2235,23,5,755.144,4,4,2,442
2236,4,5,874.9505,4,4,2,442
2237,108,5,593.559,2,4,2,242
2238,5,6,470.525,4,4,1,441
2239,47,11,6730.227000000001,3,4,4,344
2240,24,7,31016.912,4,4,4,444
2241,15,12,4104.9135,4,4,4,444
2242,70,6,6151.901,2,4,4,244
2243,20,3,257.762,4,2,1,421
2244,2,7,9290.5515,4,4,4,444
2245,47,3,4684.7235,3,2,4,324
2246,46,3,2553.2599999999998,3,2,3,323
2247,129,3,856.615,1,2,2,122
2248,59,3,1225.3400000000001,3,2,2,322
2249,115,4,708.986,2,3,2,232
2250,63,7,1119.6585,3,4,2,342
2251,87,2,257.79449999999997,2,1,1,211
2252,28,3,645.905,4,2,2,422
2253,32,4,573.1735,3,3,2,332
2254,66,10,5229.7122500000005,2,4,4,244
2255,229,2,692.3100000000001,1,1,2,112
2256,21,9,4245.5805,4,4,4,444
2257,104,3,1106.587,2,2,2,222
2258,59,5,937.364,3,4,2,342
2259,43,8,19808.827,3,4,4,344
2260,186,1,8.407499999999999,1,1,1,111
2261,1,2,4147.77,4,1,4,414
2262,144,4,6837.526000000001,1,3,4,134
2263,82,7,2186.828,2,4,3,243
2264,73,3,3839.9315,2,2,4,224
2265,5,3,4266.136,4,2,4,424
2266,83,5,628.121,2,4,2,242
2267,8,5,5644.546,4,4,4,444
2268,263,1,196.24,1,1,1,111
2269,99,2,473.20899999999995,2,1,1,211
2270,82,4,6582.333,2,3,4,234
2271,32,2,2276.83,3,1,3,313
2272,162,4,321.6715,1,3,1,131
2273,68,6,6336.06,2,4,4,244
2274,10,5,1676.5629999999996,4,4,3,443
2275,87,3,380.90700000000004,2,2,1,221
2276,72,2,494.66,2,1,1,211
2277,47,4,964.201,3,3,2,332
2278,141,4,390.38,1,3,1,131
2279,117,5,1162.1855,2,4,2,242
2280,20,4,1570.9735,4,3,3,433
2281,16,3,927.868,4,2,2,422
2282,190,1,139.67,1,1,1,111
2283,136,1,108.256,1,1,1,111
2284,56,3,319.031,3,2,1,321
2285,128,2,102.9,1,1,1,111
2286,65,5,1583.0735,3,4,3,343
2287,130,3,6767.589999999999,1,2,4,124
2288,82,5,12911.638500000001,2,4,4,244
2289,96,4,1031.2425,2,3,2,232
2291,3,6,1451.772,4,4,3,443
2292,305,2,1184.6175,1,1,2,112
2293,66,7,3988.6884999999997,2,4,4,244
2294,66,6,3623.6555,2,4,3,243
2295,40,4,3531.6555,3,3,3,333
2296,86,7,3078.547,2,4,3,243
2297,250,3,381.188,1,2,1,121
2298,287,3,908.02,1,2,2,122
2299,14,5,461.296,4,4,1,441
2300,223,7,7050.128,1,4,4,144
2301,29,1,604.83,3,1,2,312
2302,76,4,1483.6255,2,3,3,233
2303,131,5,1805.0275,1,4,3,143
2304,19,3,3288.4185,4,2,3,423
2305,1,5,3168.2349999999997,4,4,3,443
2306,30,6,2019.3477500000001,3,4,3,343
2307,43,3,427.351,3,2,1,321
2308,86,10,2331.1735,2,4,3,243
2309,26,4,1790.421,4,3,3,433
2310,51,4,10981.437,3,3,4,334
2311,121,4,7234.572,2,3,4,234
2312,37,2,185.207,3,1,1,311
2313,49,6,3049.12,3,4,3,343
2314,69,3,509.478,2,2,1,221
2315,190,5,641.9445000000001,1,4,2,142
2316,114,3,477.943,2,2,1,221
2317,12,4,672.2225,4,3,2,432
2318,255,1,93.33,1,1,1,111
2319,14,2,218.9025,4,1,1,411
2320,171,3,296.972,1,2,1,121
2321,9,5,4031.433,4,4,4,444
2322,44,6,6465.182000000001,3,4,4,344
2323,53,3,801.86725,3,2,2,322
2324,25,4,4053.2245000000003,4,3,4,434
2325,97,2,258.414,2,1,1,211
2326,36,4,4268.047500000001,3,3,4,334
2327,46,8,1844.8595,3,4,3,343
2328,77,7,2085.4065,2,4,3,243
2329,190,1,59.83,1,1,1,111
2330,108,4,2710.9575,2,3,3,233
2331,36,4,536.147,3,3,1,331
2332,146,6,4477.203,1,4,4,144
2333,138,3,418.97,1,2,1,121
2334,49,4,12486.0,3,3,4,334
2335,75,5,1622.949,2,4,3,243
2336,90,4,8344.335500000001,2,3,4,234
2337,53,1,253.13699999999997,3,1,1,311
2338,3,6,4060.1285,4,4,4,444
2339,176,3,3706.5429999999997,1,2,3,123
2340,143,5,4221.862,1,4,4,144
2341,112,3,854.0600000000001,2,2,2,222
2342,325,1,58.41,1,1,1,111
2343,51,5,9324.6415,3,4,4,344
2344,76,4,2922.3775,2,3,3,233
2345,156,4,802.9875000000002,1,3,2,132
2346,239,3,441.393,1,2,1,121
2347,27,7,4394.026,4,4,4,444
2348,29,7,8977.81,3,4,4,344
2349,31,1,34.1785,3,1,1,311
2350,1,6,555.97975,4,4,1,441
2351,14,3,696.855,4,2,2,422
2352,39,6,2293.6955,3,4,3,343
2353,20,2,341.06,4,1,1,411
2354,260,1,530.68,1,1,1,111
2355,7,6,16544.2185,4,4,4,444
2356,208,2,394.21000000000004,1,1,1,111
2357,228,3,3430.44,1,2,3,123
2358,9,7,7125.873500000001,4,4,4,444
2359,66,5,7852.8240000000005,2,4,4,244
2360,104,3,212.70850000000002,2,2,1,221
2361,65,4,1909.75,3,3,3,333
2362,87,3,255.569,2,2,1,221
2363,26,5,2885.7880000000005,4,4,3,443
2364,91,2,135.9605,2,1,1,211
2365,148,5,6527.362,1,4,4,144
2366,117,4,1743.1009999999999,2,3,3,233
2367,274,3,3788.943,1,2,4,124
2368,37,7,1422.84275,3,4,3,343
2369,2,6,2458.7165,4,4,3,443
2370,32,2,2635.83,3,1,3,313
2371,12,4,555.14,4,3,1,431
2372,151,3,1142.9099999999999,1,2,2,122
2373,115,5,2253.0485,2,4,3,243
2374,9,5,546.0785000000001,4,4,1,441
2375,53,5,4216.7625,3,4,4,344
2376,217,3,2296.63925,1,2,3,123
2377,195,4,1204.6480000000001,1,3,2,132
2378,28,4,5921.595,4,3,4,434
2379,136,5,2829.6625,1,4,3,143
2380,64,6,5493.1595,3,4,4,344
2381,138,4,6712.513,1,3,4,134
2382,67,1,246.49,2,1,1,211
2383,79,3,987.539,2,2,2,222
2384,152,2,838.5440000000001,1,1,2,112
2385,174,1,144.93200000000002,1,1,1,111
2386,10,7,5769.05,4,4,4,444
2387,189,1,61.45,1,1,1,111
2388,14,3,16222.3865,4,2,4,424
2389,105,4,2627.344,2,3,3,233
2390,35,6,846.385,3,4,2,342
2391,146,4,6646.837500000001,1,3,4,134
2392,87,4,7260.387500000001,2,3,4,234
2393,4,2,1278.3200000000002,4,1,2,412
2394,157,2,479.36,1,1,1,111
2395,111,6,1210.78,2,4,2,242
2396,80,5,5751.337,2,4,4,244
2397,53,8,13985.205,3,4,4,344
2398,12,2,92.618,4,1,1,411
2399,110,3,1440.15,2,2,3,223
2400,40,5,2969.5155,3,4,3,343
2401,16,2,364.11850000000004,4,1,1,411
2402,77,4,1141.6499999999999,2,3,2,232
2403,71,2,1210.198,2,1,2,212
2404,3,5,3208.8945000000003,4,4,3,443
2405,59,3,8819.0245,3,2,4,324
2406,1,2,418.279,4,1,1,411
2407,316,2,3443.984,1,1,3,113
2408,59,8,13663.403,3,4,4,344
2409,67,3,585.8985,2,2,2,222
2410,61,5,3882.4874999999997,3,4,4,344
2411,66,4,789.483,2,3,2,232
2412,213,2,2875.335,1,1,3,113
2413,77,2,167.2745,2,1,1,211
2414,185,6,3164.577,1,4,3,143
2415,31,7,2787.998,3,4,3,343
2416,57,5,4465.095,3,4,4,344
2417,64,5,551.7719999999999,3,4,1,341
2418,197,3,3267.46,1,2,3,123
2419,146,3,916.8705,1,2,2,122
2420,148,5,793.3915,1,4,2,142
2421,317,2,516.24,1,1,1,111
2422,63,5,1138.448,3,4,2,342
2423,105,6,3195.714,2,4,3,243
2424,42,3,1261.5439999999999,3,2,2,322
2425,31,4,986.3054999999999,3,3,2,332
2426,330,2,259.0,1,1,1,111
2427,4,5,1512.096,4,4,3,443
2428,74,4,615.731,2,3,2,232
2429,99,3,2807.27,2,2,3,223
2430,284,2,1093.633,1,1,2,112
2431,83,3,4220.282,2,2,4,224
2432,10,4,766.972,4,3,2,432
2433,28,5,2005.414,4,4,3,443
2434,239,2,282.81399999999996,1,1,1,111
2435,67,5,1240.667,2,4,2,242
2436,213,3,1079.1825,1,2,2,122
2437,86,2,505.16200000000003,2,1,1,211
2438,100,2,496.9919999999999,2,1,1,211
2439,192,2,798.8199999999999,1,1,2,112
2440,226,3,735.4465,1,2,2,122
2441,19,3,3270.7425000000003,4,2,3,423
2442,1,5,1768.178,4,4,3,443
2443,45,2,2781.961,3,1,3,313
2444,281,1,50.8555,1,1,1,111
2445,107,3,1218.3674999999998,2,2,2,222
2446,135,5,1851.6419999999998,1,4,3,143
2447,109,1,215.2,2,1,1,211
2448,181,3,1306.17,1,2,2,122
2449,64,5,1120.759,3,4,2,342
2450,85,1,248.796,2,1,1,211
2451,345,1,1839.89,1,1,3,113
2452,10,3,291.876,4,2,1,421
2454,54,5,640.2095,3,4,2,342
2455,170,3,752.704,1,2,2,122
2456,156,5,7761.395,1,4,4,144
2457,60,3,729.185,3,2,2,322
2458,171,2,128.598,1,1,1,111
2459,202,1,280.96,1,1,1,111
2460,32,6,1283.925,3,4,2,342
2461,91,4,810.6099999999999,2,3,2,232
2462,87,2,304.53999999999996,2,1,1,211
2463,349,1,204.45,1,1,1,111
2464,135,2,895.761,1,1,2,112
2465,58,5,7227.213,3,4,4,344
2466,8,3,632.49,4,2,2,422
2467,209,1,118.45,1,1,1,111
2468,112,4,375.458,2,3,1,231
2469,244,2,1399.2849999999999,1,1,3,113
2470,5,4,5458.8195000000005,4,3,4,434
2471,123,2,176.914,2,1,1,211
2472,89,2,252.104,2,1,1,211
2473,253,1,40.0,1,1,1,111
2474,109,5,1744.117,2,4,3,243
2475,4,5,2621.6240000000003,4,4,3,443
2476,42,8,3078.9305,3,4,3,343
2477,142,4,2085.5299999999997,1,3,3,133
2478,4,6,4705.263,4,4,4,444
2479,67,7,5727.3805,2,4,4,244
2480,11,4,1402.605,4,3,3,433
2481,80,9,4440.363,2,4,4,244
2482,33,8,8558.202,3,4,4,344
2483,52,5,2154.65,3,4,3,343
2484,128,4,328.26624999999996,1,3,1,131
2485,222,4,4714.9484999999995,1,3,4,134
2486,129,3,1407.7914999999998,1,2,3,123
2487,3,2,295.08399999999995,4,1,1,411
2488,193,4,1088.882,1,3,2,132
2489,3,6,977.0575,4,4,2,442
2490,126,2,3117.9975,1,1,3,113
2491,24,2,235.892,4,1,1,411
2492,310,2,305.659,1,1,1,111
2493,18,6,3479.762,4,4,3,443
2494,297,1,103.8,1,1,1,111
2495,36,3,242.65550000000002,3,2,1,321
2496,19,4,276.911,4,3,1,431
2497,98,4,608.01,2,3,2,232
2498,70,7,12176.175500000001,2,4,4,244
2499,193,2,756.8760000000001,1,1,2,112
2500,145,2,344.51225,1,1,1,111
